{
  "baseline_history": {
    "loss": [
      0.03585934638977051,
      0.01135890744626522,
      0.00903004128485918,
      0.007851392962038517,
      0.007116236723959446,
      0.006616167724132538,
      0.006211161147803068,
      0.005887392442673445,
      0.00562524888664484,
      0.005384786520153284,
      0.0052153063006699085,
      0.005066737998276949,
      0.004929231014102697,
      0.004815423861145973,
      0.004718324635177851,
      0.0046158465556800365,
      0.004515618085861206,
      0.0044443607330322266,
      0.004352828953415155,
      0.004274621605873108,
      0.004178331699222326,
      0.004121114034205675,
      0.0040557594038546085,
      0.004003356210887432,
      0.0039472128264606,
      0.003896569600328803,
      0.0038482004310935736,
      0.0038100958336144686,
      0.003552870126441121,
      0.003542399499565363,
      0.003520277561619878,
      0.003502621315419674,
      0.0033574022818356752,
      0.0033454294316470623,
      0.003333919681608677,
      0.0033256092574447393,
      0.003315367503091693,
      0.0032488983124494553,
      0.0032298052683472633,
      0.003234276780858636,
      0.0032010753639042377,
      0.0031976380851119757,
      0.0031851313542574644,
      0.0031947060488164425,
      0.003158657345920801,
      0.0031713631469756365,
      0.00316798547282815,
      0.0031518808100372553,
      0.0031479191966354847,
      0.003155805403366685
    ],
    "mae": [
      0.07957634329795837,
      0.04873014613986015,
      0.043278828263282776,
      0.040416210889816284,
      0.03839100897312164,
      0.03702274709939957,
      0.03585244342684746,
      0.03494517505168915,
      0.03416075557470322,
      0.033440250903367996,
      0.03291064500808716,
      0.03249775618314743,
      0.031998004764318466,
      0.03163249045610428,
      0.031270936131477356,
      0.03092101216316223,
      0.030588580295443535,
      0.030438635498285294,
      0.030260609462857246,
      0.03020593896508217,
      0.02990325354039669,
      0.029780078679323196,
      0.02949453517794609,
      0.029264071956276894,
      0.029012439772486687,
      0.02878810279071331,
      0.02864213101565838,
      0.028451841324567795,
      0.026709020137786865,
      0.026740333065390587,
      0.026667002588510513,
      0.02662954106926918,
      0.025525959208607674,
      0.02549653686583042,
      0.025510061532258987,
      0.025477763265371323,
      0.02541975863277912,
      0.024912692606449127,
      0.0248164813965559,
      0.024834563955664635,
      0.02461562491953373,
      0.024572767317295074,
      0.024511463940143585,
      0.024579452350735664,
      0.024307863786816597,
      0.024386504665017128,
      0.02438308671116829,
      0.02424454875290394,
      0.024244435131549835,
      0.02429431490600109
    ],
    "val_loss": [
      0.010810520499944687,
      0.007865569554269314,
      0.007402042392641306,
      0.005921646021306515,
      0.0056798383593559265,
      0.004967472981661558,
      0.004934282042086124,
      0.0046081519685685635,
      0.0047143264673650265,
      0.00426418986171484,
      0.004153874237090349,
      0.004009591415524483,
      0.004032466094940901,
      0.0039907339960336685,
      0.003660844871774316,
      0.0036868369206786156,
      0.003851999994367361,
      0.0034978059120476246,
      0.0035967803560197353,
      0.0033559289295226336,
      0.003510375740006566,
      0.0034296438097953796,
      0.003232723567634821,
      0.003176250262185931,
      0.0031081887427717447,
      0.0031494474969804287,
      0.0033950454089790583,
      0.003243078710511327,
      0.002789780031889677,
      0.0028625435661524534,
      0.0028291770722717047,
      0.0027439126279205084,
      0.002692876383662224,
      0.0026081951800733805,
      0.0026687472127377987,
      0.002604326233267784,
      0.002576826373115182,
      0.0025348132476210594,
      0.002546860370784998,
      0.0025170447770506144,
      0.0024881348945200443,
      0.0024878077674657106,
      0.0024871909990906715,
      0.0024928355123847723,
      0.0024677105247974396,
      0.0024718884378671646,
      0.0024675538297742605,
      0.0024607335217297077,
      0.002458122093230486,
      0.0024617034941911697
    ],
    "val_mae": [
      0.044083911925554276,
      0.03680873662233353,
      0.03782114386558533,
      0.03144180029630661,
      0.03103170171380043,
      0.028378620743751526,
      0.027986997738480568,
      0.026605132967233658,
      0.027428122237324715,
      0.02515929564833641,
      0.026645934209227562,
      0.025803418830037117,
      0.02607240527868271,
      0.026124658063054085,
      0.022571783512830734,
      0.0247663501650095,
      0.0257188118994236,
      0.022628657519817352,
      0.024960335344076157,
      0.023609444499015808,
      0.026325972750782967,
      0.024350812658667564,
      0.02212916873395443,
      0.022344032302498817,
      0.0219765305519104,
      0.023216459900140762,
      0.024535322561860085,
      0.022950496524572372,
      0.01919432170689106,
      0.020808732137084007,
      0.020435823127627373,
      0.019189365208148956,
      0.017748087644577026,
      0.01762915588915348,
      0.0183620136231184,
      0.017652904614806175,
      0.016808761283755302,
      0.016304023563861847,
      0.016467180103063583,
      0.015864159911870956,
      0.015247916802763939,
      0.015227957628667355,
      0.015516485087573528,
      0.015570653602480888,
      0.014869305305182934,
      0.014887480065226555,
      0.01485895924270153,
      0.0146166468039155,
      0.014591858722269535,
      0.014648626558482647
    ],
    "learning_rate": [
      0.0005000000237487257,
      0.0005000000237487257,
      0.0005000000237487257,
      0.0005000000237487257,
      0.0005000000237487257,
      0.0005000000237487257,
      0.0005000000237487257,
      0.0005000000237487257,
      0.0005000000237487257,
      0.0005000000237487257,
      0.0005000000237487257,
      0.0005000000237487257,
      0.0005000000237487257,
      0.0005000000237487257,
      0.0005000000237487257,
      0.0005000000237487257,
      0.0005000000237487257,
      0.0005000000237487257,
      0.0005000000237487257,
      0.0005000000237487257,
      0.0005000000237487257,
      0.0005000000237487257,
      0.0005000000237487257,
      0.0005000000237487257,
      0.0005000000237487257,
      0.0005000000237487257,
      0.0005000000237487257,
      0.0005000000237487257,
      0.0002500000118743628,
      0.0002500000118743628,
      0.0002500000118743628,
      0.0002500000118743628,
      0.0001250000059371814,
      0.0001250000059371814,
      0.0001250000059371814,
      0.0001250000059371814,
      0.0001250000059371814,
      6.25000029685907e-05,
      6.25000029685907e-05,
      6.25000029685907e-05,
      3.125000148429535e-05,
      3.125000148429535e-05,
      3.125000148429535e-05,
      3.125000148429535e-05,
      1.5625000742147677e-05,
      1.5625000742147677e-05,
      1.5625000742147677e-05,
      7.812500371073838e-06,
      7.812500371073838e-06,
      7.812500371073838e-06
    ]
  },